{
  "utils/locate-reuse-libs.js": 1699326270593,
  "controller/ScreenTwo.controller.js": 1729663394577,
  "test/locate-reuse-libs.js": 1699323463667,
  "resources/sap-ui-version.json": 1699357322000,
  "model/models.js": 1699326185913,
  "localService/mockserver.js": 1699326146612,
  "libs/zxingjs0153.min.js": 1699323982726,
  "libs/zxingjs0153.min-dbg.js": 1699357314000,
  "libs/quagga.min.js": 1699357310000,
  "libs/quagga.min-dbg.js": 1699357310000,
  "libs/quagga.js": 1699357306000,
  "libs/quagga-dbg.js": 1699357306000,
  "controls/ExtScanner.js": 1699326080811,
  "controller/zgoodstracking.controller.js": 1699326028067,
  "i18n/i18n.properties": 1699357304000,
  "sap-ui-cachebuster-info.json": 1699357324000,
  "manifest.json": 1727834541499,
  "Component.js": 1699325936370,
  "utils/locate-reuse-libs-dbg.js": 1699326270593,
  "utils/locate-reuse-libs.js.map": 1729663740059,
  "test/locate-reuse-libs-dbg.js": 1699323463667,
  "test/locate-reuse-libs.js.map": 1729663740054,
  "model/models-dbg.js": 1699326185913,
  "model/models.js.map": 1729663739988,
  "localService/mockserver-dbg.js": 1699326146612,
  "localService/mockserver.js.map": 1729663740005,
  "libs/zxingjs0153.min.js.map": 1729663743783,
  "libs/zxingjs0153.min-dbg.js.map": 1729663743371,
  "libs/zxingjs0153.min-dbg-dbg.js": 1699357314000,
  "libs/quagga.min.js.map": 1729663741978,
  "libs/quagga.min-dbg.js.map": 1729663741783,
  "libs/quagga.min-dbg-dbg.js": 1699357310000,
  "libs/quagga.js.map": 1729663742781,
  "libs/quagga-dbg.js.map": 1729663741892,
  "libs/quagga-dbg-dbg.js": 1699357306000,
  "controls/ExtScanner-dbg.js": 1699326080811,
  "controls/ExtScanner.js.map": 1729663740172,
  "controller/zgoodstracking-dbg.controller.js": 1699326028067,
  "controller/zgoodstracking.controller.js.map": 1729663740064,
  "controller/ScreenTwo-dbg.controller.js": 1729663394577,
  "controller/ScreenTwo.controller.js.map": 1729663740380,
  "Component-dbg.js": 1699325936370,
  "Component.js.map": 1729663740176,
  "Component-preload.js": 1729663744636,
  "Component-preload.js.map": 1729663744637,
  "controls/fragments/toolbar.fragment.xml": 1699357298000,
  "controls/fragments/settingsPopover.fragment.xml": 1699357298000,
  "controls/fragments/scanDialog.fragment.xml": 1699357298000,
  "controls/fragments/inputDialog.fragment.xml": 1699357296000,
  "view/zgoodstracking.view.xml": 1727835414910,
  "view/ScreenTwo.view.xml": 1729214171854,
  "test/flpSandboxMockServer.html": 1699323463787,
  "test/flpSandbox.html": 1699323463727,
  "localService/metadata.xml": 1699357318000,
  "fragment/ValueHelpToPlant.fragment.xml": 1699357302000,
  "fragment/ValueHelpToItem.fragment.xml": 1699357302000,
  "fragment/ValueHelpToDocumentId.fragment.xml": 1699357300000,
  "css/style.css": 1699357300000,
  "index.html": 1699323463667
}