<core:FragmentDefinition
  xmlns="sap.m"
  xmlns:core="sap.ui.core"
  xmlns:html="http://www.w3.org/1999/xhtml"
>

  <Dialog id="_IDGenDialog1"
    title="Scanner"
    showHeader="true"
    contentWidth="auto"
    contentHeight="auto"
    horizontalScrolling="false"
    verticalScrolling="false"
  >
    <content>
      <VBox id="_IDGenVBox1" justifyContent="Center" width="auto" height="auto">
        <html:div id="videoContainer" class="customContainer">
          <html:div class="scanner-laser laser-rightBottom" style="opacity: 0.5;">
          </html:div>
          <html:div class="scanner-laser laser-rightTop"  style="opacity: 0.5;">
          </html:div>
          <html:div class="scanner-laser laser-leftBottom" style="opacity: 0.5;">
          </html:div>
          <html:div class="scanner-laser laser-leftTop" style="opacity: 0.5;">
          </html:div>
          <html:div id="videoContainer" class="customContainer">
          </html:div>
          <html:video
            id="scanVideo"
            class="customVideo"
          />
        </html:div>
      </VBox>
    </content>
    <buttons>
      <Button id="_IDGenButton111"
        tooltip="{i18n>textChangeButton}"
        icon="sap-icon://synchronize"
        visible="{scanModel>/changeButton}"
        press="onChangePress"
      />
      <Button id="_IDGenButton672"
        text="OK"
        icon=""
        visible="{scanModel>/editButton}"
        press="onOkPress"
      />
      <Button id="_IDGenButton3"
        text="{i18n>textCancelButton}"
        icon=""
        press="onCancelPress"
      />
    </buttons>
  </Dialog>
</core:FragmentDefinition>