<core:FragmentDefinition
  xmlns="sap.m"
  xmlns:core="sap.ui.core"
>
  <ResponsivePopover id="_IDGenResponsivePopover1"
    class="sapUiContentPadding"
    placement="PreferredBottomOrFlip"
    showHeader="{device>/system/phone}"
    initialFocus="idShowMode"
  >
    <content>
      <VBox id="_IDGenVBox1">
        <Button id="_IDGenButton331" width="100%" type="Transparent" icon="sap-icon://reset" text="{i18n>resetScan}" press="onResetScan" />
        <!-- show format as a info on input ??? -->
        <Button id="_IDGenButton562" visible="false" enabled="{= !!${scanModel>/value} }" width="100%" type="Transparent" icon="sap-icon://detail-view" text="{i18n>details}" press="onDetails" />
        <SegmentedButton id="_IDGenSegmentedButton1" width="100%" selectedKey="{scanModel>/decoderKey}" items="{scanModel>/decoders}" selectionChange="onDecoderChanges">
          <items>
            <SegmentedButtonItem id="_IDGenSegmentedButtonItem1" width="auto" key="{scanModel>key}" text="{scanModel>text}"/>
          </items>
        </SegmentedButton>
        <ToggleButton id="_IDGenToggleButton1" width="100%" type="Transparent" icon="sap-icon://fx" text="{i18n>harder}" pressed="{scanModel>/tryHarder}" press="onHarderChange" />
        <Button id="_IDGenButton3" visible="false" width="100%" type="Transparent" icon="sap-icon://hint" text="{i18n>about}" press="onAboutPress" />
      </VBox>
    </content>
  </ResponsivePopover>
</core:FragmentDefinition>