<core:FragmentDefinition
  xmlns="sap.m"
  xmlns:core="sap.ui.core"
>
  <Toolbar id="_IDGenToolbar1">
  <VBox id="VBOXtoolbar">
  <HBox id="Hboxtoolbar22">
    <VBox id="VBoxtoolbar33">
				<Text id="Texttoolbar44" text=""/>
				<Title id="titletoolbar55" text="Scanner"/>
			</VBox>
  </HBox>
  <HBox  id="HBoxtoolbar1">
    <Input
      id="idScannedInput"
      value="{scanModel>/value}"
      visible="false"
      placeholder="{i18n>scannedValue}"
      width="100%"
    />
    <ToolbarSpacer id="_IDGenToolbarSpacer1" />
    <Button id="_IDGenButton441"
        icon="sap-icon://reset"
        tooltip="{i18n>resetScan}"
        press="onResetScan"
        visible="false"
    />
    <Button id="_IDGenButton992"
        icon="sap-icon://settings"
        tooltip="{i18n>settings}"
        press="onSettingsPopover"
        visible="false"
    />
    </HBox>
    </VBox>
  </Toolbar>
</core:FragmentDefinition>